row,ДПФ "Доверие",ППФ "Доверие",УПФ "Доверие",ДПФ "Съгласие",ППФ "Съгласие",УПФ "Съгласие"
2004-07-01 00:00:00,1.00234,1.00234,1.00234,1.00234,1.00234,1.00234
2004-07-02 00:00:00,1.00284,1.00337,1.00231,1.00029,1.00048,0.99987
2004-07-05 00:00:00,1.00433,1.00589,1.0038,1.00251,1.00311,1.00238
2004-07-06 00:00:00,1.00198,1.00295,1.00121,1.00295,1.00307,1.00293
2004-07-07 00:00:00,1.00428,1.00508,1.00384,1.00285,1.003,1.00268
2004-07-08 00:00:00,1.00231,1.00308,1.00153,1.00423,1.00646,1.00401
2004-07-09 00:00:00,1.00254,1.00348,1.00195,1.00516,1.0076,1.00468
2004-07-12 00:00:00,1.00338,1.00446,1.00291,1.00645,1.00856,1.0057
2004-07-13 00:00:00,1.00323,1.00424,1.00263,1.00665,1.00895,1.00634
2004-07-14 00:00:00,1.00334,1.00435,1.00252,1.00573,1.00881,1.00607
2004-07-15 00:00:00,1.00261,1.00371,1.00165,1.00572,1.00846,1.00609
2004-07-16 00:00:00,1.0029,1.0041,1.00223,1.00656,1.00907,1.00643
2004-07-19 00:00:00,1.00315,1.00415,1.0022,1.00616,1.00907,1.00672
2004-07-20 00:00:00,1.00365,1.00456,1.00233,1.00614,1.00836,1.00639
2004-07-21 00:00:00,1.00379,1.00494,1.00261,1.00765,1.00988,1.00788
2004-07-22 00:00:00,1.00386,1.00513,1.00289,1.00538,1.00777,1.00543
2004-07-23 00:00:00,1.00421,1.00538,1.00308,1.00607,1.00838,1.00607
2004-07-26 00:00:00,1.00657,1.00768,1.00573,1.00653,1.00905,1.00745
2004-07-27 00:00:00,1.00532,1.00665,1.00417,1.00672,1.00893,1.00754
2004-07-28 00:00:00,1.00573,1.00718,1.00483,1.00579,1.00838,1.00679
2004-07-29 00:00:00,1.00463,1.00544,1.00286,1.00486,1.0072,1.00582
2004-07-30 00:00:00,1.00516,1.00625,1.00338,1.00557,1.00807,1.00661
2004-08-02 00:00:00,1.00656,1.00792,1.00531,1.00685,1.0063,1.00782
2004-08-03 00:00:00,1.00658,1.00762,1.00471,1.00843,1.00896,1.009
2004-08-04 00:00:00,1.00629,1.00762,1.00467,1.00828,1.00904,1.00802
2004-08-05 00:00:00,1.00642,1.00799,1.00497,1.00899,1.00957,1.00874
2004-08-06 00:00:00,1.00641,1.00835,1.00521,1.01043,1.01063,1.01009
2004-08-09 00:00:00,1.00746,1.00942,1.00656,1.01122,1.01159,1.01107
2004-08-10 00:00:00,1.00796,1.01024,1.0071,1.01232,1.01253,1.01198
2004-08-11 00:00:00,1.00769,1.01022,1.00679,1.01225,1.01255,1.01209
2004-08-12 00:00:00,1.00783,1.01039,1.00657,1.01206,1.01246,1.01164
2004-08-13 00:00:00,1.00839,1.01085,1.00729,1.01269,1.01305,1.0121
2004-08-16 00:00:00,1.00876,1.01138,1.00769,1.01366,1.01372,1.01329
2004-08-17 00:00:00,1.01042,1.01319,1.00961,1.01451,1.01474,1.01422
2004-08-18 00:00:00,1.01025,1.0127,1.00896,1.01443,1.01433,1.01377
2004-08-19 00:00:00,1.01174,1.01434,1.01096,1.01467,1.01482,1.01412
2004-08-20 00:00:00,1.01242,1.0149,1.01151,1.01472,1.01466,1.01391
2004-08-23 00:00:00,1.01358,1.0162,1.01295,1.01531,1.01526,1.01471
2004-08-24 00:00:00,1.01296,1.01536,1.01194,1.01517,1.01511,1.01462
2004-08-25 00:00:00,1.0136,1.016,1.01268,1.01483,1.01483,1.01405
2004-08-26 00:00:00,1.01399,1.01641,1.01306,1.01529,1.0153,1.01466
2004-08-27 00:00:00,1.015,1.01781,1.01447,1.01637,1.01638,1.01556
2004-08-30 00:00:00,1.01493,1.01763,1.01416,1.0169,1.01652,1.01647
2004-08-31 00:00:00,1.01558,1.01824,1.01457,1.0178,1.01728,1.01706
2004-09-01 00:00:00,1.01557,1.01822,1.01443,1.01823,1.01754,1.01761
2004-09-02 00:00:00,1.01523,1.01811,1.01425,1.01897,1.01818,1.01853
2004-09-03 00:00:00,1.01488,1.01801,1.014,1.01919,1.0183,1.0186
2004-09-07 00:00:00,1.01535,1.01833,1.01456,1.01846,1.01787,1.01779
2004-09-08 00:00:00,1.01627,1.01919,1.01543,1.01819,1.01786,1.01728
2004-09-09 00:00:00,1.01716,1.01992,1.01648,1.01866,1.0184,1.0176
2004-09-10 00:00:00,1.01608,1.01906,1.01493,1.01882,1.01828,1.018
2004-09-13 00:00:00,1.01622,1.01899,1.01525,1.01978,1.01905,1.01906
2004-09-14 00:00:00,1.01651,1.01944,1.01562,1.01999,1.01934,1.01936
2004-09-15 00:00:00,1.01754,1.02055,1.01696,1.02057,1.0198,1.01976
2004-09-16 00:00:00,1.01734,1.02012,1.01631,1.02096,1.01982,1.0201
2004-09-17 00:00:00,1.01817,1.02073,1.01691,1.02073,1.0199,1.01989
2004-09-20 00:00:00,1.01834,1.02079,1.01717,1.02167,1.02068,1.02079
2004-09-21 00:00:00,1.01897,1.02138,1.01763,1.02227,1.02122,1.02141
2004-09-23 00:00:00,1.01841,1.02082,1.01673,1.02255,1.02151,1.02179
2004-09-24 00:00:00,1.01845,1.02139,1.017,1.02369,1.0227,1.02349
2004-09-27 00:00:00,1.01888,1.02145,1.01687,1.02419,1.02283,1.02359
2004-09-28 00:00:00,1.01857,1.02113,1.01654,1.0244,1.02299,1.02394
2004-09-29 00:00:00,1.01956,1.02221,1.01741,1.02455,1.02326,1.02404
2004-09-30 00:00:00,1.01942,1.02191,1.01682,1.02515,1.02374,1.02463
2004-10-01 00:00:00,1.02239,1.02556,1.02095,1.02599,1.02416,1.02483
2004-10-04 00:00:00,1.02191,1.0248,1.01984,1.02581,1.02416,1.02499
2004-10-05 00:00:00,1.02211,1.02498,1.0198,1.02597,1.02418,1.02495
2004-10-06 00:00:00,1.02223,1.02543,1.0208,1.02629,1.02485,1.02545
2004-10-07 00:00:00,1.023,1.02609,1.02162,1.02687,1.02519,1.02599
2004-10-08 00:00:00,1.02352,1.02651,1.02231,1.02739,1.02592,1.02687
2004-10-11 00:00:00,1.02222,1.02527,1.02083,1.0274,1.02565,1.02686
2004-10-12 00:00:00,1.02355,1.02718,1.02254,1.03039,1.02818,1.02983
2004-10-13 00:00:00,1.0242,1.02773,1.02349,1.02956,1.02792,1.02883
2004-10-14 00:00:00,1.02351,1.02738,1.02303,1.02996,1.02791,1.02914
2004-10-15 00:00:00,1.02595,1.02983,1.0262,1.03033,1.02814,1.02951
2004-10-18 00:00:00,1.02804,1.03229,1.02882,1.03124,1.02881,1.03032
2004-10-19 00:00:00,1.02815,1.03181,1.02853,1.0315,1.02898,1.03038
2004-10-20 00:00:00,1.02881,1.03157,1.0297,1.03116,1.02887,1.03028
2004-10-21 00:00:00,1.0329,1.03502,1.03355,1.0321,1.02937,1.03135
2004-10-22 00:00:00,1.03663,1.04067,1.03993,1.03212,1.02944,1.03148
2004-10-25 00:00:00,1.03891,1.0422,1.04331,1.03231,1.02974,1.03183
2004-10-26 00:00:00,1.03739,1.04107,1.04162,1.03341,1.03071,1.0329
2004-10-27 00:00:00,1.03569,1.04013,1.0393,1.0337,1.03098,1.03341
2004-10-28 00:00:00,1.03633,1.04067,1.03992,1.03429,1.03176,1.03386
2004-10-29 00:00:00,1.0387,1.04283,1.04263,1.03332,1.03066,1.03273
2004-11-01 00:00:00,1.04046,1.0444,1.04463,1.03412,1.03124,1.03345
2004-11-02 00:00:00,1.04243,1.0459,1.04702,1.03445,1.03164,1.03388
2004-11-03 00:00:00,1.04326,1.0464,1.04807,1.03419,1.03127,1.03348
2004-11-04 00:00:00,1.04449,1.04733,1.04947,1.03445,1.03145,1.03377
2004-11-05 00:00:00,1.04578,1.04863,1.04992,1.03541,1.03225,1.03476
2004-11-08 00:00:00,1.04641,1.04914,1.0508,1.0361,1.03277,1.03538
2004-11-09 00:00:00,1.04927,1.05188,1.05456,1.03587,1.03261,1.03525
2004-11-10 00:00:00,1.05143,1.05392,1.05722,1.03669,1.03329,1.03607
2004-11-11 00:00:00,1.05604,1.05845,1.06334,1.03713,1.03365,1.03648
2004-11-12 00:00:00,1.06214,1.064,1.07121,1.03802,1.03444,1.03736
2004-11-15 00:00:00,1.06525,1.06572,1.0733,1.03852,1.0349,1.03795
2004-11-16 00:00:00,1.06884,1.06818,1.07704,1.03951,1.03575,1.03906
2004-11-17 00:00:00,1.07183,1.07089,1.08047,1.03989,1.03629,1.0396
2004-11-18 00:00:00,1.0784,1.07923,1.08729,1.04077,1.03703,1.04063
2004-11-19 00:00:00,1.07389,1.07411,1.08286,1.04098,1.03712,1.04064
2004-11-22 00:00:00,1.07846,1.07862,1.08752,1.04164,1.03769,1.04131
2004-11-23 00:00:00,1.08136,1.08148,1.09057,1.04225,1.03819,1.04205
2004-11-24 00:00:00,1.08958,1.08971,1.09919,1.04291,1.03879,1.04276
2004-11-25 00:00:00,1.08121,1.08178,1.09104,1.04294,1.03869,1.04281
2004-11-26 00:00:00,1.08124,1.08175,1.09122,1.04374,1.03941,1.04368
2004-11-29 00:00:00,1.08932,1.08471,1.08492,1.04411,1.0399,1.04411
2004-11-30 00:00:00,1.08977,1.08491,1.08514,1.0443,1.04026,1.04419
2004-12-01 00:00:00,1.09051,1.08532,1.08373,1.04517,1.04113,1.04512
2004-12-02 00:00:00,1.0913,1.08574,1.07642,1.0457,1.04162,1.04572
2004-12-03 00:00:00,1.09278,1.08685,1.07707,1.04614,1.04197,1.04691
2004-12-07 00:00:00,1.09353,1.08808,1.07813,1.0459,1.04186,1.04595
2004-12-08 00:00:00,1.09474,1.08953,1.08247,1.04921,1.04484,1.04976
2004-12-09 00:00:00,1.09561,1.08964,1.08246,1.04983,1.04544,1.05041
2004-12-10 00:00:00,1.09614,1.09016,1.08275,1.05093,1.04644,1.05163
2004-12-11 00:00:00,1.0958,1.09125,1.08381,1.05291,1.04841,1.05385
2004-12-13 00:00:00,1.0954,1.09131,1.08428,1.0529,1.04867,1.05409
2004-12-14 00:00:00,1.0956,1.09191,1.08458,1.05364,1.04914,1.05474
2004-12-15 00:00:00,1.09595,1.09195,1.08473,1.05557,1.0509,1.05714
2004-12-16 00:00:00,1.09609,1.09341,1.08591,1.05795,1.05293,1.05929
2004-12-17 00:00:00,1.09691,1.09433,1.08686,1.05851,1.05325,1.05983
2004-12-20 00:00:00,1.09829,1.09476,1.0874,1.05836,1.05338,1.06032
2004-12-21 00:00:00,1.09803,1.09551,1.08788,1.05917,1.05404,1.06119
2004-12-22 00:00:00,1.09968,1.09436,1.08712,1.05961,1.05439,1.06158
2004-12-23 00:00:00,1.10202,1.09453,1.08738,1.05991,1.05463,1.06187
2004-12-27 00:00:00,1.10163,1.09579,1.08792,1.06022,1.05476,1.06205
2004-12-28 00:00:00,1.10129,1.09674,1.08965,1.06049,1.05485,1.06212
2004-12-29 00:00:00,1.10209,1.09731,1.09037,1.06046,1.0549,1.06278
2004-12-30 00:00:00,1.10102,1.09496,1.08806,1.06015,1.05507,1.0631
2004-12-31 00:00:00,1.10052,1.09468,1.08789,1.05999,1.05552,1.06331
2005-01-03 00:00:00,1.10127,1.09606,1.08883,1.06688,1.06004,1.0667
2005-01-04 00:00:00,1.10661,1.10136,1.0932,1.06839,1.06079,1.06773
2005-01-05 00:00:00,1.10999,1.10306,1.09327,1.06934,1.06166,1.06879
2005-01-06 00:00:00,1.11197,1.10593,1.09602,1.0692,1.06181,1.06982
2005-01-07 00:00:00,1.11335,1.106,1.09617,1.06984,1.06237,1.06988
2005-01-10 00:00:00,1.11854,1.10802,1.09657,1.071,1.0633,1.07117
2005-01-11 00:00:00,1.12012,1.10993,1.10598,1.07212,1.0645,1.07234
2005-01-12 00:00:00,1.12288,1.11428,1.10354,1.07297,1.06528,1.07403
2005-01-13 00:00:00,1.12362,1.11583,1.10473,1.07366,1.06591,1.07469
2005-01-14 00:00:00,1.12452,1.11666,1.10509,1.07504,1.06722,1.0765
2005-01-17 00:00:00,1.12469,1.11691,1.10524,1.07517,1.06737,1.07665
2005-01-18 00:00:00,1.12355,1.11966,1.10718,1.07638,1.06836,1.07806
2005-01-19 00:00:00,1.12402,1.12018,1.10751,1.07649,1.06831,1.07769
2005-01-20 00:00:00,1.12724,1.12409,1.11053,1.07741,1.06925,1.07919
2005-01-21 00:00:00,1.12761,1.12402,1.11067,1.07701,1.06903,1.07871
2005-01-24 00:00:00,1.12821,1.12389,1.11229,1.07759,1.07013,1.07967
2005-01-25 00:00:00,1.12845,1.12594,1.11308,1.07856,1.07004,1.08027
2005-01-26 00:00:00,1.12834,1.12665,1.11078,1.07827,1.0702,1.07977
2005-01-27 00:00:00,1.12703,1.12558,1.11182,1.07795,1.06973,1.07942
2005-01-28 00:00:00,1.12833,1.12707,1.11255,1.0778,1.06972,1.07931
2005-01-31 00:00:00,1.12875,1.12719,1.09423,1.07931,1.07134,1.08091
2005-02-01 00:00:00,1.13056,1.129,1.11262,1.07926,1.07132,1.08062
2005-02-02 00:00:00,1.1289,1.12757,1.11372,1.08012,1.07206,1.08158
2005-02-03 00:00:00,1.12983,1.12778,1.11377,1.08006,1.07211,1.08134
2005-02-04 00:00:00,1.12927,1.12665,1.11241,1.08063,1.07278,1.08218
2005-02-07 00:00:00,1.12704,1.12513,1.11108,1.08118,1.07304,1.08266
2005-02-08 00:00:00,1.12751,1.12515,1.11114,1.08207,1.07372,1.08324
2005-02-09 00:00:00,1.13029,1.12708,1.11295,1.0827,1.07396,1.08344
2005-02-10 00:00:00,1.13153,1.12914,1.11355,1.08149,1.07404,1.08235
2005-02-11 00:00:00,1.13496,1.13166,1.11528,1.0833,1.07494,1.08496
2005-02-14 00:00:00,1.13779,1.13265,1.11586,1.08362,1.07531,1.08528
2005-02-15 00:00:00,1.14089,1.13482,1.11719,1.08328,1.07509,1.08467
2005-02-16 00:00:00,1.14529,1.138,1.1189,1.0844,1.07623,1.08595
2005-02-17 00:00:00,1.15125,1.14021,1.11986,1.08426,1.07589,1.08622
2005-02-18 00:00:00,1.14911,1.13876,1.1194,1.08397,1.07588,1.08564
2005-02-21 00:00:00,1.15076,1.14026,1.11943,1.08322,1.07517,1.08446
2005-02-22 00:00:00,1.14941,1.13818,1.11882,1.083,1.07529,1.08477
2005-02-23 00:00:00,1.14999,1.13918,1.11943,1.08329,1.07524,1.08485
2005-02-24 00:00:00,1.1532,1.14205,1.12053,1.08359,1.07554,1.08521
2005-02-25 00:00:00,1.1627,1.14568,1.12104,1.08367,1.07569,1.0852
2005-02-28 00:00:00,1.16087,1.14603,1.12249,1.08428,1.07722,1.08589
2005-03-01 00:00:00,1.15859,1.1484,1.12377,1.08378,1.07612,1.08552
2005-03-02 00:00:00,1.15653,1.14797,1.1215,1.08432,1.07639,1.08607
2005-03-07 00:00:00,1.16203,1.1503,1.12005,1.08416,1.07641,1.0858
2005-03-08 00:00:00,1.16002,1.14823,1.11847,1.08561,1.07806,1.0872
2005-03-09 00:00:00,1.16209,1.15127,1.12013,1.08662,1.07875,1.08858
2005-03-10 00:00:00,1.16199,1.1514,1.12235,1.08603,1.0783,1.08787
2005-03-11 00:00:00,1.16094,1.15204,1.12302,1.08615,1.07806,1.08789
2005-03-12 00:00:00,1.16124,1.1521,1.12345,1.08654,1.07859,1.0883
2005-03-14 00:00:00,1.15951,1.15209,1.1243,1.08649,1.07874,1.08857
2005-03-15 00:00:00,1.16028,1.15096,1.12347,1.0862,1.07853,1.0884
2005-03-16 00:00:00,1.15987,1.15204,1.12335,1.08663,1.07874,1.08894
2005-03-17 00:00:00,1.15805,1.15208,1.12365,1.08694,1.07923,1.08945
2005-03-18 00:00:00,1.15977,1.15342,1.12391,1.08763,1.07969,1.08952
2005-03-21 00:00:00,1.15792,1.15266,1.1236,1.08712,1.07903,1.08915
2005-03-22 00:00:00,1.15871,1.15121,1.12222,1.08739,1.07891,1.0892
2005-03-23 00:00:00,1.15468,1.14969,1.12251,1.08745,1.07835,1.08927
2005-03-24 00:00:00,1.15504,1.14939,1.1221,1.0869,1.07857,1.08885
2005-03-25 00:00:00,1.16104,1.15069,1.12235,1.08723,1.07871,1.08908
2005-03-28 00:00:00,1.16057,1.15154,1.12299,1.08745,1.07927,1.08974
2005-03-29 00:00:00,1.1602,1.1522,1.12293,1.08778,1.07981,1.08989
2005-03-30 00:00:00,1.15909,1.15165,1.12295,1.08776,1.07968,1.08989
2005-03-31 00:00:00,1.16233,1.1535,1.12491,1.08878,1.08003,1.09061
2005-04-01 00:00:00,1.15868,1.15215,1.12287,1.08913,1.08036,1.09113
2005-04-04 00:00:00,1.15878,1.15192,1.12332,1.0897,1.08083,1.09159
2005-04-05 00:00:00,1.15902,1.15271,1.12417,1.09017,1.08126,1.09223
2005-04-06 00:00:00,1.15732,1.15343,1.12412,1.09016,1.0815,1.09218
2005-04-07 00:00:00,1.15751,1.15306,1.12415,1.09005,1.08171,1.09216
2005-04-08 00:00:00,1.1561,1.1528,1.12396,1.09074,1.08235,1.09288
2005-04-11 00:00:00,1.15652,1.15415,1.12494,1.09068,1.08218,1.09261
2005-04-12 00:00:00,1.15631,1.15378,1.12542,1.09258,1.08398,1.09501
2005-04-13 00:00:00,1.15451,1.15322,1.125,1.09175,1.08269,1.09419
2005-04-14 00:00:00,1.15398,1.15291,1.12528,1.0925,1.08341,1.09502
2005-04-15 00:00:00,1.15402,1.15316,1.12539,1.09253,1.08356,1.09499
2005-04-18 00:00:00,1.15439,1.15346,1.12553,1.09223,1.08337,1.0946
2005-04-19 00:00:00,1.15409,1.15179,1.13277,1.09269,1.08386,1.09514
2005-04-20 00:00:00,1.15417,1.15371,1.13357,1.09325,1.08444,1.09611
2005-04-21 00:00:00,1.15136,1.15346,1.1327,1.09301,1.08381,1.09561
2005-04-22 00:00:00,1.15243,1.15461,1.13382,1.09318,1.08354,1.09542
2005-04-25 00:00:00,1.15264,1.15399,1.13295,1.09369,1.08444,1.09638
2005-04-26 00:00:00,1.15107,1.15412,1.13325,1.09433,1.08486,1.09703
2005-04-27 00:00:00,1.15088,1.15465,1.13047,1.09504,1.08528,1.09777
2005-04-28 00:00:00,1.14735,1.1541,1.13084,1.09516,1.08535,1.09779
2005-04-29 00:00:00,1.16297,1.16012,1.13363,1.09598,1.08614,1.09865
2005-05-03 00:00:00,1.1516,1.15479,1.1293,1.0964,1.0869,1.09936
2005-05-04 00:00:00,1.15134,1.15552,1.12989,1.09658,1.08666,1.09892
2005-05-05 00:00:00,1.15081,1.15722,1.13156,1.09671,1.08674,1.09897
2005-05-09 00:00:00,1.15097,1.15826,1.13202,1.09757,1.0878,1.1001
2005-05-10 00:00:00,1.15125,1.15873,1.13327,1.09821,1.08839,1.10102
2005-05-11 00:00:00,1.1518,1.15838,1.13277,1.09945,1.08992,1.10267
2005-05-12 00:00:00,1.15282,1.16101,1.13423,1.09993,1.09077,1.10352
2005-05-13 00:00:00,1.15578,1.16424,1.1363,1.10079,1.09156,1.10443
2005-05-16 00:00:00,1.156,1.16664,1.13811,1.10167,1.09271,1.10596
2005-05-17 00:00:00,1.15575,1.16643,1.13758,1.10181,1.09269,1.10603
2005-05-18 00:00:00,1.15504,1.16539,1.13713,1.10239,1.09316,1.10657
2005-05-19 00:00:00,1.15375,1.16457,1.13113,1.10285,1.09337,1.10674
2005-05-20 00:00:00,1.15436,1.16368,1.13507,1.10345,1.09417,1.10742
2005-05-25 00:00:00,1.15519,1.16281,1.13548,1.10382,1.09426,1.10788
2005-05-26 00:00:00,1.15535,1.16437,1.13668,1.10519,1.09541,1.10944
2005-05-27 00:00:00,1.15412,1.16348,1.13569,1.10525,1.0955,1.10976
2005-05-28 00:00:00,1.15282,1.16296,1.13555,1.1055,1.09573,1.10992
2005-05-30 00:00:00,1.15283,1.16289,1.13028,1.10584,1.09611,1.11034
2005-05-31 00:00:00,1.15839,1.16225,1.13386,1.10608,1.09629,1.11072
2005-06-01 00:00:00,1.15066,1.16204,1.13456,1.10698,1.09688,1.11218
2005-06-02 00:00:00,1.1493,1.16165,1.14227,1.10796,1.09802,1.1138
2005-06-03 00:00:00,1.14915,1.16119,1.13539,1.10851,1.0988,1.11439
2005-06-06 00:00:00,1.14856,1.15841,1.13762,1.10919,1.09966,1.11522
2005-06-07 00:00:00,1.14906,1.15892,1.13804,1.10925,1.0998,1.11526
2005-06-08 00:00:00,1.14875,1.1563,1.13415,1.11062,1.10115,1.11679
2005-06-09 00:00:00,1.14939,1.1568,1.13489,1.11124,1.10187,1.11728
2005-06-10 00:00:00,1.15042,1.1572,1.13528,1.11193,1.10227,1.11816
2005-06-13 00:00:00,1.14904,1.15885,1.1378,1.11257,1.10337,1.11929
2005-06-14 00:00:00,1.1493,1.15925,1.1384,1.11254,1.10283,1.11969
2005-06-15 00:00:00,1.14906,1.1598,1.13884,1.11238,1.10284,1.11912
2005-06-16 00:00:00,1.14787,1.15822,1.13861,1.11213,1.10267,1.11895
2005-06-17 00:00:00,1.14755,1.15714,1.13791,1.11057,1.10037,1.11684
2005-06-20 00:00:00,1.14843,1.15887,1.13909,1.11104,1.10105,1.11714
2005-06-21 00:00:00,1.14828,1.1587,1.13904,1.11109,1.10056,1.11688
2005-06-22 00:00:00,1.14448,1.14807,1.12776,1.11307,1.10265,1.1193
2005-06-23 00:00:00,1.14299,1.15548,1.13854,1.11441,1.10423,1.12144
2005-06-24 00:00:00,1.14502,1.15633,1.13971,1.11493,1.10484,1.12198
2005-06-27 00:00:00,1.1446,1.15667,1.13973,1.11543,1.10543,1.12265
2005-06-28 00:00:00,1.14892,1.15859,1.14047,1.11609,1.10584,1.12286
2005-06-29 00:00:00,1.14949,1.15901,1.14125,1.11649,1.10634,1.12354
2005-06-30 00:00:00,1.15824,1.16521,1.14385,1.11697,1.10718,1.12408
2005-07-01 00:00:00,1.15118,1.16032,1.14215,1.11684,1.10692,1.12367
2005-07-04 00:00:00,1.15238,1.16264,1.14402,1.11738,1.10754,1.12434
2005-07-05 00:00:00,1.1517,1.1622,1.14382,1.11796,1.10847,1.12618
2005-07-06 00:00:00,1.15232,1.1625,1.14385,1.11786,1.10813,1.12578
2005-07-07 00:00:00,1.15247,1.16341,1.14501,1.11802,1.10833,1.1258
2005-07-08 00:00:00,1.15114,1.16177,1.14428,1.11866,1.10901,1.12632
2005-07-11 00:00:00,1.15115,1.16201,1.1445,1.11915,1.10989,1.12769
2005-07-12 00:00:00,1.15188,1.16263,1.14497,1.11887,1.10925,1.12664
2005-07-13 00:00:00,1.1516,1.16246,1.14541,1.11756,1.10734,1.12379
2005-07-14 00:00:00,1.15303,1.16337,1.14598,1.11717,1.10706,1.12327
2005-07-15 00:00:00,1.15348,1.16405,1.14656,1.11794,1.1082,1.12482
2005-07-18 00:00:00,1.1547,1.16522,1.14719,1.11806,1.10862,1.12581
2005-07-19 00:00:00,1.15421,1.16466,1.14709,1.11808,1.10822,1.12506
2005-07-20 00:00:00,1.15461,1.16476,1.14734,1.11861,1.10925,1.12631
2005-07-21 00:00:00,1.15397,1.16406,1.14662,1.11852,1.10894,1.12554
2005-07-22 00:00:00,1.15447,1.16456,1.14705,1.1177,1.10764,1.1235
2005-07-25 00:00:00,1.15433,1.16414,1.14691,1.11803,1.10806,1.12404
2005-07-26 00:00:00,1.15398,1.15786,1.13691,1.12012,1.1107,1.12712
2005-07-27 00:00:00,1.15453,1.16528,1.14769,1.1209,1.11166,1.12861
2005-07-28 00:00:00,1.15406,1.16514,1.14789,1.12149,1.11235,1.12917
2005-07-29 00:00:00,1.15883,1.16961,1.14968,1.12088,1.11161,1.12762
2005-08-01 00:00:00,1.15663,1.16917,1.15061,1.122,1.11302,1.12923
2005-08-02 00:00:00,1.15695,1.16886,1.14991,1.12009,1.11042,1.12556
2005-08-03 00:00:00,1.15723,1.16892,1.1499,1.1196,1.1101,1.12501
2005-08-04 00:00:00,1.15758,1.16919,1.14998,1.11889,1.10932,1.12358
2005-08-05 00:00:00,1.15866,1.16999,1.15085,1.11924,1.10997,1.12399
2005-08-08 00:00:00,1.1597,1.1708,1.15094,1.11887,1.10905,1.12253
2005-08-09 00:00:00,1.15628,1.16796,1.14967,1.11802,1.10822,1.12137
2005-08-10 00:00:00,1.15738,1.16821,1.15002,1.11932,1.11001,1.12271
2005-08-11 00:00:00,1.1578,1.16883,1.15139,1.12009,1.11073,1.12371
2005-08-12 00:00:00,1.15842,1.16926,1.15184,1.11973,1.11023,1.12296
2005-08-15 00:00:00,1.16021,1.1706,1.15259,1.1204,1.11084,1.12355
2005-08-16 00:00:00,1.16075,1.1708,1.15192,1.12245,1.11298,1.12625
2005-08-17 00:00:00,1.16113,1.17065,1.15196,1.1234,1.11447,1.12765
2005-08-18 00:00:00,1.16002,1.16901,1.15065,1.12896,1.1176,1.13022
2005-08-19 00:00:00,1.1631,1.17101,1.15183,1.13068,1.11981,1.13293
2005-08-22 00:00:00,1.16001,1.16731,1.15028,1.13132,1.12242,1.1341
2005-08-23 00:00:00,1.1609,1.16786,1.15111,1.13158,1.12187,1.13409
2005-08-24 00:00:00,1.15958,1.16752,1.15078,1.13157,1.12246,1.13387
2005-08-25 00:00:00,1.15713,1.16589,1.15033,1.13121,1.12165,1.13455
2005-08-26 00:00:00,1.15996,1.16882,1.15176,1.13195,1.12256,1.13417
2005-08-29 00:00:00,1.15751,1.16774,1.15103,1.13176,1.12212,1.1333
2005-08-30 00:00:00,1.15828,1.16844,1.1516,1.13199,1.12256,1.13361
2005-08-31 00:00:00,1.15944,1.16935,1.15233,1.13286,1.12375,1.13595
2005-09-01 00:00:00,1.1582,1.16816,1.15173,1.13404,1.12521,1.13738
2005-09-02 00:00:00,1.15907,1.16977,1.15331,1.13321,1.12389,1.13513
2005-09-07 00:00:00,1.16009,1.17066,1.15374,1.13223,1.12175,1.13218
2005-09-08 00:00:00,1.1608,1.1716,1.15455,1.1337,1.12364,1.13456
2005-09-09 00:00:00,1.16149,1.17245,1.1552,1.13407,1.12419,1.13526
2005-09-10 00:00:00,1.16075,1.17074,1.15344,1.13513,1.12547,1.13649
2005-09-12 00:00:00,1.1619,1.17152,1.15429,1.13524,1.12556,1.13649
2005-09-13 00:00:00,1.16299,1.17237,1.1544,1.13597,1.12667,1.13806
2005-09-14 00:00:00,1.16458,1.17252,1.15423,1.13662,1.12716,1.1388
2005-09-15 00:00:00,1.16745,1.17449,1.15492,1.13678,1.12719,1.13852
2005-09-16 00:00:00,1.17047,1.17489,1.15578,1.13939,1.13041,1.14193
2005-09-17 00:00:00,1.17116,1.17665,1.15777,1.13835,1.1293,1.14049
2005-09-19 00:00:00,1.17189,1.17615,1.15839,1.13812,1.12895,1.13995
2005-09-20 00:00:00,1.17159,1.17672,1.15876,1.13996,1.13104,1.14285
2005-09-21 00:00:00,1.17144,1.17629,1.15857,1.14022,1.1313,1.14337
2005-09-26 00:00:00,1.17139,1.17652,1.15887,1.13992,1.1306,1.14212
2005-09-27 00:00:00,1.1723,1.17728,1.15931,1.14124,1.13246,1.14473
2005-09-28 00:00:00,1.17273,1.17764,1.15966,1.14076,1.13202,1.14426
2005-09-29 00:00:00,1.17383,1.17872,1.16094,1.14027,1.13166,1.14354
2005-09-30 00:00:00,1.17318,1.17757,1.16029,1.14032,1.13191,1.14387
2005-10-03 00:00:00,1.17275,1.17777,1.15982,1.13871,1.12977,1.13799
2005-10-04 00:00:00,1.17228,1.17694,1.16017,1.13993,1.13082,1.13944
2005-10-05 00:00:00,1.17101,1.17547,1.15808,1.1392,1.13044,1.13905
2005-10-06 00:00:00,1.172,1.17603,1.15798,1.13781,1.12954,1.13822
2005-10-07 00:00:00,1.17272,1.18029,1.16344,1.13771,1.12935,1.13713
2005-10-10 00:00:00,1.17254,1.17999,1.16352,1.1363,1.12741,1.13454
2005-10-11 00:00:00,1.17258,1.18022,1.16335,1.13796,1.12933,1.1369
2005-10-12 00:00:00,1.17391,1.18165,1.16445,1.13906,1.13101,1.13885
2005-10-13 00:00:00,1.17315,1.18088,1.16367,1.13821,1.13007,1.13787
2005-10-14 00:00:00,1.17248,1.18035,1.16304,1.13722,1.1291,1.13662
2005-10-17 00:00:00,1.17303,1.18039,1.16289,1.13624,1.12796,1.13561
2005-10-18 00:00:00,1.1723,1.17936,1.16186,1.13657,1.12838,1.13568
2005-10-19 00:00:00,1.1729,1.17963,1.16194,1.13708,1.12873,1.13645
2005-10-20 00:00:00,1.1716,1.17836,1.16072,1.13723,1.12892,1.13669
2005-10-21 00:00:00,1.17258,1.17954,1.16187,1.13713,1.12887,1.13637
2005-10-24 00:00:00,1.17109,1.17767,1.16055,1.13687,1.12828,1.13527
2005-10-25 00:00:00,1.17108,1.178,1.16091,1.13848,1.13006,1.13756
2005-10-26 00:00:00,1.17095,1.17743,1.16025,1.13737,1.12869,1.13572
2005-10-27 00:00:00,1.16998,1.17643,1.15901,1.13488,1.12581,1.1321
2005-10-28 00:00:00,1.1702,1.17749,1.15912,1.13428,1.12511,1.1311
2005-10-31 00:00:00,1.17335,1.17982,1.16161,1.13462,1.12602,1.13165
2005-11-01 00:00:00,1.1748,1.18156,1.16311,1.1388,1.13078,1.13709
2005-11-02 00:00:00,1.17404,1.1813,1.16298,1.14134,1.13363,1.13986
2005-11-03 00:00:00,1.17528,1.18131,1.16263,1.14242,1.1345,1.14078
2005-11-04 00:00:00,1.17595,1.18219,1.16242,1.12578,1.11628,1.1224
2005-11-07 00:00:00,1.17747,1.18267,1.16268,1.12755,1.11832,1.12478
2005-11-08 00:00:00,1.17768,1.18226,1.16221,1.14784,1.14103,1.14865
2005-11-09 00:00:00,1.17751,1.18167,1.16182,1.14854,1.14205,1.15009
2005-11-10 00:00:00,1.17827,1.18259,1.16243,1.145,1.13803,1.14554
2005-11-11 00:00:00,1.17234,1.1808,1.1617,1.14423,1.13727,1.14448
2005-11-14 00:00:00,1.17148,1.18061,1.16152,1.14595,1.13949,1.14731
2005-11-15 00:00:00,1.17213,1.18119,1.16165,1.14571,1.13895,1.14662
2005-11-16 00:00:00,1.17204,1.18059,1.16114,1.14283,1.13522,1.14365
2005-11-17 00:00:00,1.17122,1.17997,1.1609,1.14214,1.13441,1.14347
2005-11-18 00:00:00,1.17912,1.18251,1.16215,1.14252,1.13505,1.14397
2005-11-21 00:00:00,1.17953,1.18324,1.16267,1.14151,1.13422,1.1432
2005-11-22 00:00:00,1.1789,1.18275,1.16241,1.14209,1.13473,1.14272
2005-11-23 00:00:00,1.17868,1.1827,1.16235,1.14422,1.13726,1.14578
2005-11-24 00:00:00,1.1782,1.18207,1.16196,1.14251,1.13535,1.14366
2005-11-25 00:00:00,1.17894,1.18316,1.1627,1.14239,1.13499,1.14325
2005-11-28 00:00:00,1.17872,1.18279,1.16243,1.14351,1.13622,1.14466
2005-11-29 00:00:00,1.17967,1.18313,1.16261,1.1459,1.13922,1.14761
2005-11-30 00:00:00,1.18034,1.18352,1.16268,1.14701,1.14019,1.1491
2005-12-01 00:00:00,1.17997,1.18278,1.16183,1.1472,1.13941,1.14853
2005-12-02 00:00:00,1.18128,1.18646,1.16418,1.14792,1.14015,1.14949
2005-12-05 00:00:00,1.18074,1.18417,1.16235,1.15016,1.14298,1.15212
2005-12-06 00:00:00,1.18005,1.18394,1.1623,1.15006,1.1423,1.15078
2005-12-07 00:00:00,1.18007,1.18419,1.16203,1.15078,1.14286,1.15128
2005-12-08 00:00:00,1.18027,1.18431,1.16219,1.1517,1.14386,1.15275
2005-12-09 00:00:00,1.18126,1.18442,1.16269,1.15095,1.1428,1.15154
2005-12-12 00:00:00,1.18037,1.18368,1.16183,1.1518,1.1443,1.15248
2005-12-13 00:00:00,1.18096,1.18396,1.16189,1.14919,1.1407,1.14848
2005-12-14 00:00:00,1.18039,1.18364,1.16161,1.14973,1.14144,1.14914
2005-12-15 00:00:00,1.18003,1.18306,1.16097,1.14952,1.14087,1.14828
2005-12-16 00:00:00,1.18,1.18387,1.16167,1.1487,1.13984,1.14776
2005-12-19 00:00:00,1.18163,1.1846,1.16243,1.15038,1.1418,1.14946
2005-12-20 00:00:00,1.18136,1.1847,1.16226,1.14663,1.14372,1.15126
2005-12-21 00:00:00,1.18191,1.18466,1.1622,1.14615,1.14339,1.15096
2005-12-22 00:00:00,1.18326,1.18594,1.16276,1.14693,1.14451,1.1521
2005-12-23 00:00:00,1.18331,1.18581,1.16256,1.14642,1.14397,1.1519
2005-12-27 00:00:00,1.18445,1.18686,1.16316,1.14702,1.14463,1.15238
2005-12-28 00:00:00,1.18472,1.18714,1.16372,1.14802,1.14576,1.15343
2005-12-29 00:00:00,1.18716,1.18946,1.16544,1.14842,1.14603,1.15384
2005-12-30 00:00:00,1.1874,1.18972,1.16566,1.14924,1.14432,1.15025
2006-01-03 00:00:00,1.18723,1.18931,1.16539,1.1538,1.14668,1.15515
2006-01-04 00:00:00,1.18851,1.19042,1.16627,1.1531,1.14557,1.15329
2006-01-05 00:00:00,1.1881,1.19036,1.16633,1.15288,1.14457,1.15124
2006-01-06 00:00:00,1.18774,1.1895,1.1663,1.15535,1.14785,1.1546
2006-01-09 00:00:00,1.18753,1.18944,1.16631,1.15531,1.14733,1.15397
2006-01-10 00:00:00,1.18798,1.19048,1.16705,1.15563,1.14735,1.1539
2006-01-11 00:00:00,1.1882,1.19069,1.16717,1.15632,1.14789,1.15437
2006-01-12 00:00:00,1.1881,1.1914,1.16785,1.15838,1.14997,1.15652
2006-01-13 00:00:00,1.1891,1.19132,1.16825,1.15901,1.1514,1.15766
2006-01-16 00:00:00,1.18864,1.19116,1.16826,1.15749,1.14949,1.15599
2006-01-17 00:00:00,1.18865,1.19185,1.16908,1.15638,1.148,1.15468
2006-01-18 00:00:00,1.18979,1.19231,1.16951,1.15946,1.15153,1.15802
2006-01-19 00:00:00,1.19025,1.19287,1.17022,1.1591,1.15117,1.15761
2006-01-20 00:00:00,1.19042,1.1928,1.17019,1.15876,1.151,1.15774
2006-01-23 00:00:00,1.19002,1.19223,1.16996,1.15858,1.15069,1.1574
2006-01-24 00:00:00,1.19049,1.19265,1.17028,1.15755,1.14938,1.1554
2006-01-25 00:00:00,1.18961,1.19189,1.16959,1.15565,1.14696,1.15333
